<?xml version="1.0" encoding="UTF-8" standalone="yes"?>
<addon id="repository.vtm.go" name="VTM GO Repository" version="1.0.0" provider-name="Michaël Arnauts">
	<extension point="xbmc.addon.repository" name="VTM GO Repository">
		<dir>
			<info>https://github.com/michaelarnauts/repository.vtm.go/raw/master/repo/addons.xml</info>
			<checksum>https://github.com/michaelarnauts/repository.vtm.go/raw/master/repo/addons.xml.md5</checksum>
			<datadir zip="true">https://github.com/michaelarnauts/repository.vtm.go/raw/master/repo</datadir>
		</dir>
	</extension>
	<extension point="xbmc.addon.metadata">
		<summary>VTM GO Repository</summary>
		<description>Kodi repository for the unofficial VTM GO addon.</description>
		<platform>all</platform>
		<assets>
			<icon>icon.png</icon>
			<fanart>fanart.png</fanart>
		</assets>
	</extension>
</addon>
